{"cameraMode":{"drawMode":0,"name":"Shaded","section":"Shading Mode"},"sceneLighting":true,"audioPlay":false,"sceneViewState":{"showFog":true,"showMaterialUpdate":true,"showSkybox":true,"showFlares":true,"showImageEffects":true,"showParticleSystems":true},"in2DMode":false,"pivot":{"x":-83.13398742675781,"y":-140.59165954589845,"z":-59.82501220703125},"rotation":{"x":0.24088726937770844,"y":0.06835679709911347,"z":-0.01701083965599537,"w":0.967993438243866},"size":803.073486328125,"orthographic":false}