{"cameraMode":{"drawMode":0,"name":"Shaded","section":"Shading Mode"},"sceneLighting":true,"audioPlay":false,"sceneViewState":{"showFog":true,"showMaterialUpdate":true,"showSkybox":true,"showFlares":true,"showImageEffects":true,"showParticleSystems":true},"in2DMode":false,"pivot":{"x":-128.66717529296876,"y":-10.203369140625,"z":16.49468994140625},"rotation":{"x":0.3464575707912445,"y":-0.5408147573471069,"z":0.25984299182891848,"w":0.7210882306098938},"size":1181.222412109375,"orthographic":false}